Metricas,Valores
Exactitud,0.9648496240601503
Recall,0.9302325581395349
F1 Score,0.9523809523809523
